{
    "utterances": [
        {
            "text": "I bet 20",
            "entities": [
                {
                    "entity": "wit$number:number",
                    "start": 6,
                    "end": 8,
                    "body": "20",
                    "entities": []
                },
                {
                    "entity": "bet:bet",
                    "start": 2,
                    "end": 5,
                    "body": "bet",
                    "entities": []
                }
            ],
            "traits": [],
            "intent": "place_bet"
        }
    ]
}
