{
    "utterances": [
        {
            "text": "I  bet 22",
            "entities": [
                {
                    "entity": "wit$number:number",
                    "start": 7,
                    "end": 9,
                    "body": "22",
                    "entities": []
                }
            ],
            "traits": [],
            "intent": "get_number"
        },
        {
            "text": "I bet 20",
            "entities": [
                {
                    "entity": "wit$number:number",
                    "start": 6,
                    "end": 8,
                    "body": "20",
                    "entities": []
                }
            ],
            "traits": []
        }
    ]
}
