{
    "utterances": [
        {
            "text": "I  bet 22",
            "entities": [
                {
                    "entity": "wit$number:number",
                    "start": 7,
                    "end": 9,
                    "body": "22",
                    "entities": []
                }
            ],
            "traits": [],
            "intent": "get_number"
        },
        {
            "text": "I bet 20",
            "entities": [
                {
                    "entity": "wit$number:number",
                    "start": 6,
                    "end": 8,
                    "body": "20",
                    "entities": []
                }
            ],
            "traits": []
        },
        {
            "text": "I want to bet 30",
            "entities": [
                {
                    "entity": "wit$number:number",
                    "start": 14,
                    "end": 16,
                    "body": "30",
                    "entities": []
                },
                {
                    "entity": "bet:bet",
                    "start": 10,
                    "end": 13,
                    "body": "bet",
                    "entities": []
                }
            ],
            "traits": [],
            "intent": "get_number"
        },
        {
            "text": "I want to bet 39",
            "entities": [
                {
                    "entity": "wit$number:number",
                    "start": 14,
                    "end": 16,
                    "body": "39",
                    "entities": []
                },
                {
                    "entity": "bet:bet",
                    "start": 10,
                    "end": 13,
                    "body": "bet",
                    "entities": []
                }
            ],
            "traits": [],
            "intent": "get_number"
        },
        {
            "text": "i bet 20",
            "entities": [
                {
                    "entity": "wit$number:number",
                    "start": 6,
                    "end": 8,
                    "body": "20",
                    "entities": []
                },
                {
                    "entity": "bet:bet",
                    "start": 2,
                    "end": 5,
                    "body": "bet",
                    "entities": []
                }
            ],
            "traits": [],
            "intent": "get_number"
        }
    ]
}
